group,sensitivity analysis,input perturbation
day,0.145516074,0.161795082
hour,0.10321489,0.273436902
minute,0.045685279,0.042892792
is_weekend,0.074450085,0.248473732
temp,0.120135364,0.103994561
humidity,0.194585448,0.140218631
precip,0.31641286,0.0291883
