feature,score
day,0.0028034718781042313
hour,0.0009422098646579189
is_weekend,0.00013628866742978986
precip,1.102701670424234e-06
minute,-0.00026547893284924255
humidity,-0.00029657947586283465
temp,-0.0006268911733352821
