feature,score
day,0.2803471878104231
hour,0.09422098646579188
is_weekend,0.013628866742978986
precip,0.0001102701670424234
minute,-0.026547893284924254
humidity,-0.029657947586283463
temp,-0.06268911733352821
