feature,score
hour,0.6279022400230378
is_weekend,0.2789833801999252
humidity,0.03317473354563373
temp,0.028237747959651602
minute,0.015687738578466847
day,0.01240325245235061
precip,0.0036109072409341793
